Compliance ID,Audit Status,Certification Date,Compliance Category,Certification Number
MCDJFA36,Approved,2023-06-06,Health & Safety,zdhiVe2
WI98JPTQ,Pending,2023-11-05,Quality,CPoQvr7
JV822TRH,Rejected,2023-04-16,Corporate Social Responsibility,rN6JgFM
6P4K6WGA,Pending,2023-10-28,Environmental,lnlM0Nx
QRAS3GE4,Approved,2023-12-09,Environmental,Q4aG2h7
EXNRF0DX,Approved,2023-02-26,Health & Safety,iyyZaPB
4PR1Y4HT,Rejected,2023-07-01,Environmental,lPt8PRc
2V53XNT5,Rejected,2023-05-20,Quality,KSkIgro
17H8MUXM,Rejected,2023-07-05,Environmental,ASfFET2
03DO5Q2O,Pending,2023-02-24,Environmental,8QJoHjA
34O1U56Q,Pending,2023-09-18,Corporate Social Responsibility,yE1AFd1
5DSB7DGL,Pending,2023-08-05,Health & Safety,SPHIde4
7ATJ2UII,Pending,2023-07-27,Health & Safety,7jwZ0qB
MARK15VH,Rejected,2023-12-13,Environmental,zlrouEF
PAEXRDHE,Pending,2023-09-07,Quality,bmqtbZu
OUD6M1PJ,Approved,2023-01-07,Corporate Social Responsibility,BcJlVYh
ATRTSB1T,Approved,2023-05-01,Environmental,SiRatdm
95M1FG1M,Pending,2023-11-14,Corporate Social Responsibility,4ThMlic
GXR76GUI,Rejected,2023-10-14,Corporate Social Responsibility,5gM8BLY
YIS3TWGE,Pending,2023-08-14,Quality,zNeRW3W
A1Y1Z090,Pending,2023-03-19,Quality,nnZFefU
XF92BTX5,Rejected,2023-01-12,Health & Safety,yxbP6tC
1UJTGEHK,Pending,2023-08-22,Environmental,e6XJOBg
VSIUNYQU,Pending,2023-06-27,Quality,72Pa7pq
DEINHW55,Pending,2023-02-09,Quality,B6xxUl3
9JMMPHK1,Approved,2023-05-07,Health & Safety,QBE5UlL
ZG0LMUU2,Approved,2023-01-01,Environmental,rbQhkvP
DYV9WWGP,Pending,2023-04-26,Health & Safety,H6xG95i
ICR34C4M,Pending,2023-03-12,Environmental,YbeD3nR
KMI614MA,Rejected,2023-12-17,Health & Safety,nkZyV7r
HLW5OHJD,Approved,2023-04-12,Environmental,dsROYPz
K4KD5Z84,Approved,2023-08-03,Environmental,4oYFqY1
46XYNLSD,Rejected,2023-06-10,Quality,LfanNQ1
F5EIATA8,Approved,2023-10-02,Health & Safety,EtyVrPI
3G8RVSIG,Pending,2023-01-13,Corporate Social Responsibility,fKHH5Mq
IWFN650K,Rejected,2023-09-22,Health & Safety,DQSEozj
B4996UKJ,Approved,2023-10-05,Health & Safety,bhRDHnN
UVNP66ZI,Rejected,2023-09-07,Health & Safety,l3WHGQ6
QUSXPEBW,Pending,2023-06-06,Quality,7moEzm3
CA4R4K9C,Pending,2023-02-23,Quality,U5yOSiG
FI04S43R,Pending,2023-12-04,Quality,lmWivI2
GATWKGKZ,Pending,2023-10-06,Health & Safety,UIqca9r
I2T1BSMJ,Rejected,2023-11-20,Environmental,CtUwKwJ
9DJPW34O,Rejected,2023-10-26,Environmental,Uh2EOPp
6VCEAPLW,Rejected,2023-08-02,Corporate Social Responsibility,taynpAO
31JGVESF,Approved,2023-10-10,Health & Safety,656qRPK
QETAH50R,Approved,2023-04-03,Health & Safety,54kyKf8
JORWMWPY,Pending,2023-11-11,Environmental,qbDhwLi
KBGBDB7U,Approved,2023-01-23,Health & Safety,EjpeDOX
TFNGUQ12,Approved,2023-06-26,Environmental,dGCGU23
S6YDLV6B,Approved,2023-10-26,Environmental,6EclVOJ
TAR411L3,Rejected,2023-11-04,Health & Safety,v0Ajyl6
9GGMJM4A,Pending,2023-06-24,Environmental,34WC6iW
KJ8LRICJ,Rejected,2023-10-19,Quality,cw8x3Y9
CSIKRD58,Rejected,2023-06-16,Health & Safety,2YGedSc
ZRPFQDS6,Approved,2023-11-14,Quality,xHBDw5Z
9TO5GMD3,Rejected,2023-07-25,Corporate Social Responsibility,mZ85Eex
NCYJO03X,Approved,2023-01-22,Environmental,lN527zX
HWFI68EE,Rejected,2023-03-15,Health & Safety,QWJtqfr
6MCYBAX1,Approved,2023-10-04,Health & Safety,VXmbzL7
CXQO4C46,Approved,2023-10-24,Environmental,dHgOIpY
FZSAI3KQ,Rejected,2023-03-11,Quality,czzaBQJ
AAGNWKOY,Approved,2023-08-15,Corporate Social Responsibility,P8bKxBI
BROEJK37,Rejected,2023-04-22,Quality,CwAsMN2
XZBYVDZ6,Approved,2023-03-09,Environmental,IsEzuaz
3VJFFZDD,Pending,2023-08-27,Environmental,jTTkqQ0
WU8CDIV4,Rejected,2023-04-07,Corporate Social Responsibility,zOmTfIP
DZIKEA7C,Approved,2023-09-16,Health & Safety,sUboJHs
94I89HII,Rejected,2023-06-13,Health & Safety,bK4bm90
498KG9HA,Rejected,2023-03-11,Health & Safety,JmZ2Qzi
ZZ5P4X2K,Rejected,2023-04-17,Health & Safety,RWN8n9N
W7E46R2I,Approved,2023-08-24,Environmental,37wINu2
A5PLBCMF,Approved,2023-01-08,Quality,yhjV211
TL5936LX,Pending,2023-10-13,Environmental,K1eIbGV
MCZCH9HY,Approved,2023-08-19,Health & Safety,k9Z9q3e
8AY2GA69,Approved,2023-09-27,Health & Safety,LEtcovI
XEJ1CJVG,Rejected,2023-04-18,Health & Safety,t63MRU9
WWWKANB6,Rejected,2023-08-27,Health & Safety,UpM4oyu
17265ROC,Approved,2023-07-12,Corporate Social Responsibility,xBGxULm
N8B701EG,Approved,2023-09-06,Environmental,VQ2C1o2
VYXM9ANZ,Rejected,2023-06-22,Health & Safety,BMlDZVQ
2FKNEZZO,Rejected,2023-07-19,Health & Safety,t17bGvb
YIRPB6ZM,Rejected,2023-02-19,Health & Safety,qLPsCC9
ZHJIKC5D,Approved,2023-03-07,Corporate Social Responsibility,5ZtUIS3
D3HS3L93,Rejected,2023-03-10,Environmental,VDGxqJM
8AWQDSF7,Rejected,2023-05-04,Health & Safety,94jnyiw
J69ITE4K,Rejected,2023-04-19,Environmental,KqAZ1oi
4F3ETZXF,Pending,2023-12-04,Quality,GzG6KxH
XXPSU1B1,Approved,2023-12-16,Corporate Social Responsibility,CFXNA9d
X34G3IV7,Rejected,2023-01-14,Quality,WlsPQmj
ZO51GCR7,Rejected,2023-03-03,Environmental,Yp4w0NJ
JAQKG4O4,Approved,2023-06-20,Quality,CRwlJrB
AP50ETX0,Approved,2023-12-18,Environmental,rHgurGX
5SRH29R9,Approved,2023-03-16,Health & Safety,Va7QigD
R6ED1JCG,Rejected,2023-02-12,Corporate Social Responsibility,FBVtdCy
E938Y4U7,Approved,2023-01-12,Quality,XLGSkiv
8W5N97UX,Rejected,2023-10-16,Health & Safety,ZyT2vAQ
S4IXDETY,Rejected,2023-02-21,Health & Safety,gt07gGl
3BDG092F,Pending,2023-12-24,Corporate Social Responsibility,oKump2f
KQMIHFRL,Rejected,2023-04-09,Health & Safety,A6ZWME6
